Topic,Count,Name,Representation,Representative_Docs
-1,289,-1_每個人都會犯錯_就算真的目睹爸爸上銬_想要以退為進_結果表情洩露一切,"['每個人都會犯錯', '就算真的目睹爸爸上銬', '想要以退為進', '結果表情洩露一切', '也是爸爸確實犯錯在先啊', '誰幫他開診斷證明這更是重點吧', '以前是大平台', '讓他們在上面解決私怨', '他寧願花300萬也不去當兵', '也做過太多壞事']","['認了！Energy書偉、棒棒堂小杰坦承閃兵 各花15萬、30萬裝高血壓 王大陸閃兵一事先前在開庭時，因王的律師要求，當庭勘驗閃兵集團主嫌陳志明的手機，沒想到竟在對話紀錄中發現，陳嫌自誇曾成功幫助陳柏霖、修杰楷、Energy還有棒棒堂成員免服兵役，檢方深入追查案件細節後，才在今天將涉案人等傳喚到案。', '認了！Energy書偉、棒棒堂小杰坦承閃兵 各花15萬、30萬裝高血壓 王大陸閃兵一事先前在開庭時，因王的律師要求，當庭勘驗閃兵集團主嫌陳志明的手機，沒想到竟在對話紀錄中發現，陳嫌自誇曾成功幫助陳柏霖、修杰楷、Energy還有棒棒堂成員免服兵役，檢方深入追查案件細節後，才在今天將涉案人等傳喚到案。', '認了！Energy書偉、棒棒堂小杰坦承閃兵 各花15萬、30萬裝高血壓 王大陸閃兵一事先前在開庭時，因王的律師要求，當庭勘驗閃兵集團主嫌陳志明的手機，沒想到竟在對話紀錄中發現，陳嫌自誇曾成功幫助陳柏霖、修杰楷、Energy還有棒棒堂成員免服兵役，檢方深入追查案件細節後，才在今天將涉案人等傳喚到案。']"
0,88,0_你要自首_他會好好面對_就可以出來了_就是偽造文書和逃避兵役,"['你要自首', '他會好好面對', '就可以出來了', '就是偽造文書和逃避兵役', '套句網友說的', '當然要面對', '犯罪東窗事發了才在那邊', '會完全配合司法', '早該第一波', '還在得過且過']","['唉😮\u200d💨 真的⋯⋯  套句網友說的：就是偽造文書和逃避兵役。 他會好好面對 是檢警都要拘提了 當然要面對 你要自首 早該第一波 就可以出來了 還在得過且過……', '唉😮\u200d💨 真的⋯⋯  套句網友說的：就是偽造文書和逃避兵役。 他會好好面對 是檢警都要拘提了 當然要面對 你要自首 早該第一波 就可以出來了 還在得過且過……', '唉😮\u200d💨 真的⋯⋯  套句網友說的：就是偽造文書和逃避兵役。 他會好好面對 是檢警都要拘提了 當然要面對 你要自首 早該第一波 就可以出來了 還在得過且過……']"
1,86,1_沒自首_5月調查閃兵藝人_負責_上有很大的問題,"['沒自首', '5月調查閃兵藝人', '負責', '上有很大的問題', '逃兵男藝人', '自首了', '為了不助長犯罪環境', '給你兩次改過自新的機會', '第三次直接被抓', '真的就沒什麼好說了']","['實際上給逃兵藝人兩次機會了 5月調查閃兵藝人，沒自首 內政部長發通知單，沒自首 第三次直接被抓 給你兩次改過自新的機會，卻沒勇敢自首、負責。 逃兵男藝人「 人格 」上有很大的問題。 已經給兩次機會自首，自首了，大家或許網開一面再給你一次機會。 但如今是直接被抓，真的就沒什麼好說了，只能從螢幕上消失。 如果往後他們復出，那台灣人的問題就很大了，台灣人等同於支持犯罪。 為了不助長犯罪環境，應該效仿韓國直接淘汰劣跡藝人。', '實際上給逃兵藝人兩次機會了 5月調查閃兵藝人，沒自首 內政部長發通知單，沒自首 第三次直接被抓 給你兩次改過自新的機會，卻沒勇敢自首、負責。 逃兵男藝人「 人格 」上有很大的問題。 已經給兩次機會自首，自首了，大家或許網開一面再給你一次機會。 但如今是直接被抓，真的就沒什麼好說了，只能從螢幕上消失。 如果往後他們復出，那台灣人的問題就很大了，台灣人等同於支持犯罪。 為了不助長犯罪環境，應該效仿韓國直接淘汰劣跡藝人。', '實際上給逃兵藝人兩次機會了 5月調查閃兵藝人，沒自首 內政部長發通知單，沒自首 第三次直接被抓 給你兩次改過自新的機會，卻沒勇敢自首、負責。 逃兵男藝人「 人格 」上有很大的問題。 已經給兩次機會自首，自首了，大家或許網開一面再給你一次機會。 但如今是直接被抓，真的就沒什麼好說了，只能從螢幕上消失。 如果往後他們復出，那台灣人的問題就很大了，台灣人等同於支持犯罪。 為了不助長犯罪環境，應該效仿韓國直接淘汰劣跡藝人。']"
2,90,2_作者_修杰楷怎麼好意思讓老婆出來坦_但認罪的是書偉_他就是造假地中海貧血,"['作者', '修杰楷怎麼好意思讓老婆出來坦', '但認罪的是書偉', '他就是造假地中海貧血', '應該很難', '做好心理準備', '這會讓我覺得粉絲裡面還是有很多有原則的人', '當然認為可以僥倖該受到懲罰', '有幾分事實說幾分話', '謝謝你理智看待']","['· 作者 😞😞', '· 作者 😞😞', '· 作者 啊～～～～🎵']"
3,90,3_net_ettoday_news_認了,"['net', 'ettoday', 'news', '認了', '修杰楷', '30萬裝高血壓', '棒棒堂小杰坦承閃兵', '各花15萬', 'energy書偉', 'energy還有棒棒堂成員免服兵役']","['今天起訴12人！ ettoday.net/news…  2 / 2 ettoday.net 裝高血壓閃兵！修杰楷、坤達、陳柏霖、書偉、小杰遭「求刑2年8月」 | ETtoday社會新聞 | ETtoday新聞雲', '今天起訴12人！ ettoday.net/news…  2 / 2 ettoday.net 裝高血壓閃兵！修杰楷、坤達、陳柏霖、書偉、小杰遭「求刑2年8月」 | ETtoday社會新聞 | ETtoday新聞雲', '今天起訴12人！ ettoday.net/news…  2 / 2 ettoday.net 裝高血壓閃兵！修杰楷、坤達、陳柏霖、書偉、小杰遭「求刑2年8月」 | ETtoday社會新聞 | ETtoday新聞雲']"
4,70,4_他一個人搞出了滿滿的逃兵大平台_這一切都要感謝王大陸_偶像_不愧是藝人每個都很會演,"['他一個人搞出了滿滿的逃兵大平台', '這一切都要感謝王大陸', '偶像', '不愧是藝人每個都很會演', '全部我只相信他的說', '很會講', '原來大家都誤會他了', '如果他是自首我就挺他', '那開刀是什麼', '結果騙最大嗎']","['這一切都要感謝王大陸，他一個人搞出了滿滿的逃兵大平台！偶像🤩', '這一切都要感謝王大陸，他一個人搞出了滿滿的逃兵大平台！偶像🤩', '這一切都要感謝王大陸，他一個人搞出了滿滿的逃兵大平台！偶像🤩']"
5,73,5_並以當兵為榮的優質台灣男之外_一堆人還幫他們帶風向_到底幹嘛把自己的未來交到這些逃避責任的男人身上_重點是還有男的幫這種人說話,"['並以當兵為榮的優質台灣男之外', '一堆人還幫他們帶風向', '到底幹嘛把自己的未來交到這些逃避責任的男人身上', '重點是還有男的幫這種人說話', '所以台灣女人現在不婚不生是正確的', '撇除那些實實在在完成兵役', '我必須說', '我真的覺得某些台灣人病了', '誰會信', '要說這種男的多有責任感']","['重點是還有男的幫這種人說話，唉.....台灣男人真的是快沒救了，撇除那些實實在在完成兵役、並以當兵為榮的優質台灣男之外，現在一堆男的現在就是都抱持這種心態在逃兵的，我必須說，學生黨真的一堆都在想著要怎麼把自己搞到身體有問題來逃避跟閃兵喔 ＾＾要說這種男的多有責任感，誰會信= = 所以台灣女人現在不婚不生是正確的，到底幹嘛把自己的未來交到這些逃避責任的男人身上', '重點是還有男的幫這種人說話，唉.....台灣男人真的是快沒救了，撇除那些實實在在完成兵役、並以當兵為榮的優質台灣男之外，現在一堆男的現在就是都抱持這種心態在逃兵的，我必須說，學生黨真的一堆都在想著要怎麼把自己搞到身體有問題來逃避跟閃兵喔 ＾＾要說這種男的多有責任感，誰會信= = 所以台灣女人現在不婚不生是正確的，到底幹嘛把自己的未來交到這些逃避責任的男人身上', '重點是還有男的幫這種人說話，唉.....台灣男人真的是快沒救了，撇除那些實實在在完成兵役、並以當兵為榮的優質台灣男之外，現在一堆男的現在就是都抱持這種心態在逃兵的，我必須說，學生黨真的一堆都在想著要怎麼把自己搞到身體有問題來逃避跟閃兵喔 ＾＾要說這種男的多有責任感，誰會信= = 所以台灣女人現在不婚不生是正確的，到底幹嘛把自己的未來交到這些逃避責任的男人身上']"
6,69,6_查看動態_熱門_張書偉_267,"['查看動態', '熱門', '張書偉', '267', '619', '255', '王大陸', '沒人自首', '道歉', '修杰楷和賈靜雯還沒針對造謠']","['張書偉已經承認花十五萬偽造地中海貧血逃兵，他們的歌我聽很多年，也為ENERGY寫過很多文章，我為他們中年之後和好並復合感動，但是涉於犯罪，我站在中立立場，別說什麼孰能無過，每個人都會做錯，但不是每個人都會犯法，這句話不適合用在犯法的事情上，也別說當時經紀公司操作，在那個年代不是所有人都選擇這個方式，即便是礙於經紀公司，之前王大陸閃兵事件一連串爆發後，為什麼不自首？陳柏霖甚至還說在等警察來，小杰更不用說，他看著同團威廉被封殺到沒收入，他也還是不自首，關於今天甚至以後被抓的藝人，我沒有同情，粉絲當然可以力挺到底，但是請拿出做人的底線，不要盲目幫他們找一大堆藉口，錯了就是承擔後果，勇敢認錯負責，改過自新，重新再來過我都覺得很好，我剛去看了粉絲留言，我沒什麼評論，我也沒後悔我為他們寫過那麼多文章，我是因為他們的感情而寫，坤達氣胸開過刀，我願意相信他是無辜，在我的立場，就算是我的偶像，犯錯我也不會挺，人品對我比他的外表、才華、努力都更重要，其他人如果也有付錢閃兵，我真的希望勇於承認比警察上門來得令人尊重。 反正都肯定交保，重要的是犯後態度 粉絲要來譙我請便，我只講我認為對的話，相信我覺得對的事情 220 69 2 18 熱門 查看動態', '張書偉已經承認花十五萬偽造地中海貧血逃兵，他們的歌我聽很多年，也為ENERGY寫過很多文章，我為他們中年之後和好並復合感動，但是涉於犯罪，我站在中立立場，別說什麼孰能無過，每個人都會做錯，但不是每個人都會犯法，這句話不適合用在犯法的事情上，也別說當時經紀公司操作，在那個年代不是所有人都選擇這個方式，即便是礙於經紀公司，之前王大陸閃兵事件一連串爆發後，為什麼不自首？陳柏霖甚至還說在等警察來，小杰更不用說，他看著同團威廉被封殺到沒收入，他也還是不自首，關於今天甚至以後被抓的藝人，我沒有同情，粉絲當然可以力挺到底，但是請拿出做人的底線，不要盲目幫他們找一大堆藉口，錯了就是承擔後果，勇敢認錯負責，改過自新，重新再來過我都覺得很好，我剛去看了粉絲留言，我沒什麼評論，我也沒後悔我為他們寫過那麼多文章，我是因為他們的感情而寫，坤達氣胸開過刀，我願意相信他是無辜，在我的立場，就算是我的偶像，犯錯我也不會挺，人品對我比他的外表、才華、努力都更重要，其他人如果也有付錢閃兵，我真的希望勇於承認比警察上門來得令人尊重。 反正都肯定交保，重要的是犯後態度 粉絲要來譙我請便，我只講我認為對的話，相信我覺得對的事情 220 69 2 18 熱門 查看動態', '張書偉已經承認花十五萬偽造地中海貧血逃兵，他們的歌我聽很多年，也為ENERGY寫過很多文章，我為他們中年之後和好並復合感動，但是涉於犯罪，我站在中立立場，別說什麼孰能無過，每個人都會做錯，但不是每個人都會犯法，這句話不適合用在犯法的事情上，也別說當時經紀公司操作，在那個年代不是所有人都選擇這個方式，即便是礙於經紀公司，之前王大陸閃兵事件一連串爆發後，為什麼不自首？陳柏霖甚至還說在等警察來，小杰更不用說，他看著同團威廉被封殺到沒收入，他也還是不自首，關於今天甚至以後被抓的藝人，我沒有同情，粉絲當然可以力挺到底，但是請拿出做人的底線，不要盲目幫他們找一大堆藉口，錯了就是承擔後果，勇敢認錯負責，改過自新，重新再來過我都覺得很好，我剛去看了粉絲留言，我沒什麼評論，我也沒後悔我為他們寫過那麼多文章，我是因為他們的感情而寫，坤達氣胸開過刀，我願意相信他是無辜，在我的立場，就算是我的偶像，犯錯我也不會挺，人品對我比他的外表、才華、努力都更重要，其他人如果也有付錢閃兵，我真的希望勇於承認比警察上門來得令人尊重。 反正都肯定交保，重要的是犯後態度 粉絲要來譙我請便，我只講我認為對的話，相信我覺得對的事情 220 69 2 18 熱門 查看動態']"
7,56,7_也拒絕這種為逃兵藝人洗白的話術_永遠抵制王大陸_請不要娛樂化他長期勾結犯罪集團詐騙逃兵的行為_又蠢又邪惡,"['也拒絕這種為逃兵藝人洗白的話術', '永遠抵制王大陸', '請不要娛樂化他長期勾結犯罪集團詐騙逃兵的行為', '又蠢又邪惡', '事實證明', '而且', '王大陸這傢伙是個會出賣朋友的人', '王大陸這肉粽頭讓檢察官ㄧ直北風北連不完', '王大陸這個已經不是線頭了', '孤注一擲還沒下戲']","['王大陸教唆人暴力造成重傷害，又蠢又邪惡，一點也不好笑。請不要娛樂化他長期勾結犯罪集團詐騙逃兵的行為。永遠抵制王大陸，也拒絕這種為逃兵藝人洗白的話術。', '王大陸教唆人暴力造成重傷害，又蠢又邪惡，一點也不好笑。請不要娛樂化他長期勾結犯罪集團詐騙逃兵的行為。永遠抵制王大陸，也拒絕這種為逃兵藝人洗白的話術。', '王大陸教唆人暴力造成重傷害，又蠢又邪惡，一點也不好笑。請不要娛樂化他長期勾結犯罪集團詐騙逃兵的行為。永遠抵制王大陸，也拒絕這種為逃兵藝人洗白的話術。']"
8,56,8_再然後都忘記當初的牽線人_一定牽扯到了什麼_然後才承認當初的錯誤_最強的身體,"['再然後都忘記當初的牽線人', '一定牽扯到了什麼', '然後才承認當初的錯誤', '最強的身體', '很怪的事是他們全都寧願被拘提', '整個影視圈結構也是腐爛的可以', '承認當初為什麼偽造', 'be', 'youtu', 'youtube']","['很怪的事是他們全都寧願被拘提，然後才承認當初的錯誤，承認當初為什麼偽造，再然後都忘記當初的牽線人？ 一定牽扯到了什麼，整個影視圈結構也是腐爛的可以。', '很怪的事是他們全都寧願被拘提，然後才承認當初的錯誤，承認當初為什麼偽造，再然後都忘記當初的牽線人？ 一定牽扯到了什麼，整個影視圈結構也是腐爛的可以。', '很怪的事是他們全都寧願被拘提，然後才承認當初的錯誤，承認當初為什麼偽造，再然後都忘記當初的牽線人？ 一定牽扯到了什麼，整個影視圈結構也是腐爛的可以。']"
9,53,9_660_461_他平台比較大當然價錢會比較貴_他整個很盤子耶,"['660', '461', '他平台比較大當然價錢會比較貴', '他整個很盤子耶', '311', '人家都是10萬15萬', '畢竟他付了超級冤大頭的360萬wwwwwwwwww', '陳柏霖10萬', '為什麼王先生是360萬呀', '王中國花360w']","['陳柏霖10萬 修杰楷15萬 書偉15萬 小杰30萬 我真的覺得不能怪王大陸把這串粽子都拉出來，畢竟他付了超級冤大頭的360萬wwwwwwwwww 3.8 萬 311 461 2,660 熱門 查看動態', '陳柏霖10萬 修杰楷15萬 書偉15萬 小杰30萬 我真的覺得不能怪王大陸把這串粽子都拉出來，畢竟他付了超級冤大頭的360萬wwwwwwwwww 3.8 萬 311 461 2,660 熱門 查看動態', '陳柏霖10萬 修杰楷15萬 書偉15萬 小杰30萬 我真的覺得不能怪王大陸把這串粽子都拉出來，畢竟他付了超級冤大頭的360萬wwwwwwwwww 3.8 萬 311 461 2,660 熱門 查看動態']"
10,46,10_cna_坤達承認閃兵了_com_tw,"['cna', '坤達承認閃兵了', 'com', 'tw', '中央社', '我比較想知道', '以為自己不會被抓', '他不是還開刀嗎', '這絕對是上策了', '阿坤達都認罪了']","['cna.com.tw/news… 更新一下 cna.com.tw 坤達道歉認躲兵役\u3000取消工作提前返台配合調查 | 社會 | 中央社 CNA', '事情發生的當下我忍住了眼淚 直到坤達說一句 不好意思..讓很多人對我失望 從那刻起我想跟你說失望一定會有的 但不離不棄的支持你 在背後默默的等你才是最重要的 達達我們大家都會等你把事情處理好 等你恢復到最好的狀態 等你找回在這之前的笑容 達哥承認了年輕時犯的錯 現在也願意負起責任 會全力配合檢調單位 達哥也在承認後跟很多人對他失望的人道歉 也跟擔心他的人道歉了 他不管是在戲劇方面綜藝方面 甚至各個方面都是零負評是個很優秀的人 再給達哥一次機會👍🏻 達哥值得我們繼續支持繼續喜歡的🫶🏻 我們都會等你回來的 謝坤達❤️😎加油 這是我每次出席活動看到的達哥❤️💙  1 / 2 1,836 74 11 34 熱門 查看動態', '事情發生的當下我忍住了眼淚 直到坤達說一句 不好意思..讓很多人對我失望 從那刻起我想跟你說失望一定會有的 但不離不棄的支持你 在背後默默的等你才是最重要的 達達我們大家都會等你把事情處理好 等你恢復到最好的狀態 等你找回在這之前的笑容 達哥承認了年輕時犯的錯 現在也願意負起責任 會全力配合檢調單位 達哥也在承認後跟很多人對他失望的人道歉 也跟擔心他的人道歉了 他不管是在戲劇方面綜藝方面 甚至各個方面都是零負評是個很優秀的人 再給達哥一次機會👍🏻 達哥值得我們繼續支持繼續喜歡的🫶🏻 我們都會等你回來的 謝坤達❤️😎加油 這是我每次出席活動看到的達哥❤️💙  1 / 2 1,836 74 11 34 熱門 查看動態']"
11,38,11_energy_補一個_兩個成員閃兵被抓怎麼還好意思開演唱會啊_明年小巨蛋演唱會如期舉辦,"['energy', '補一個', '兩個成員閃兵被抓怎麼還好意思開演唱會啊', '明年小巨蛋演唱會如期舉辦', '通貨膨脹', '結果呢', '這些年來這兩個台灣男團一直信誓旦旦說沒有閃兵', '威廉', '說謊男團', '王大陸比較後期了']","['新一波閃兵名單出爐。 修杰楷、陳柏霖、Energy的書偉、坤達都被抓出來⋯⋯ 不懂怎麼過了這麼多年才在抓？ Energy不會準備要團滅吧？ 這是屬於5566的勝利！ 然後陳柏霖竟然只花10萬就閃兵，CP值好高，王大陸根本被當盤仔。 看到這種老藝人名單，不禁開始擔心我們家想祥，想祥不會有事吧？ 希望檢調單位相信想祥的清白，他只是一個47歲，喜歡空ㄍㄢˋ的大男孩而已。 2,243 125 10 73 熱門 查看動態', '新一波閃兵名單出爐。 修杰楷、陳柏霖、Energy的書偉、坤達都被抓出來⋯⋯ 不懂怎麼過了這麼多年才在抓？ Energy不會準備要團滅吧？ 這是屬於5566的勝利！ 然後陳柏霖竟然只花10萬就閃兵，CP值好高，王大陸根本被當盤仔。 看到這種老藝人名單，不禁開始擔心我們家想祥，想祥不會有事吧？ 希望檢調單位相信想祥的清白，他只是一個47歲，喜歡空ㄍㄢˋ的大男孩而已。 2,243 125 10 73 熱門 查看動態', '新一波閃兵名單出爐。 修杰楷、陳柏霖、Energy的書偉、坤達都被抓出來⋯⋯ 不懂怎麼過了這麼多年才在抓？ Energy不會準備要團滅吧？ 這是屬於5566的勝利！ 然後陳柏霖竟然只花10萬就閃兵，CP值好高，王大陸根本被當盤仔。 看到這種老藝人名單，不禁開始擔心我們家想祥，想祥不會有事吧？ 希望檢調單位相信想祥的清白，他只是一個47歲，喜歡空ㄍㄢˋ的大男孩而已。 2,243 125 10 73 熱門 查看動態']"
12,41,12_陳柏霖_一堆看起來是男的帳號也在護航_但還不達免役_十月被上銬才說會反省,"['陳柏霖', '一堆看起來是男的帳號也在護航', '但還不達免役', '十月被上銬才說會反省', '修杰楷達不到免役', '他是用假資料', '用高血壓拿到替代役', '要新增最可惡第三', '謝坤達跟修杰楷', '謝的確氣胸過']","['謝坤達跟修杰楷，我覺得是最過分的兩個。 謝的確氣胸過，有引流手術，但還不達免役。他是用假資料（高血壓）申請免疫，然後對外宣稱氣胸免役，騙國家又騙社會大眾。 修杰楷達不到免役，用高血壓拿到替代役，還要叫賈靜雯懷孕好用家有幼兒提早離席。 這群人，五月被通知，十月被上銬才說會反省。有一些帳號很奇怪，都幾第幾天了還在糾結藝人被上銬。迷妹瞎護航也就算了，一堆看起來是男的帳號也在護航。 我就問，哪個正常服役的看他們被抓會心疼的？ 護航的八成自己也逃兵，怕自己被上銬吧！ 要新增最可惡第三：陳柏霖 用高血壓逃兵，對外說氣喘', '謝坤達跟修杰楷，我覺得是最過分的兩個。 謝的確氣胸過，有引流手術，但還不達免役。他是用假資料（高血壓）申請免疫，然後對外宣稱氣胸免役，騙國家又騙社會大眾。 修杰楷達不到免役，用高血壓拿到替代役，還要叫賈靜雯懷孕好用家有幼兒提早離席。 這群人，五月被通知，十月被上銬才說會反省。有一些帳號很奇怪，都幾第幾天了還在糾結藝人被上銬。迷妹瞎護航也就算了，一堆看起來是男的帳號也在護航。 我就問，哪個正常服役的看他們被抓會心疼的？ 護航的八成自己也逃兵，怕自己被上銬吧！ 要新增最可惡第三：陳柏霖 用高血壓逃兵，對外說氣喘', '謝坤達跟修杰楷，我覺得是最過分的兩個。 謝的確氣胸過，有引流手術，但還不達免役。他是用假資料（高血壓）申請免疫，然後對外宣稱氣胸免役，騙國家又騙社會大眾。 修杰楷達不到免役，用高血壓拿到替代役，還要叫賈靜雯懷孕好用家有幼兒提早離席。 這群人，五月被通知，十月被上銬才說會反省。有一些帳號很奇怪，都幾第幾天了還在糾結藝人被上銬。迷妹瞎護航也就算了，一堆看起來是男的帳號也在護航。 我就問，哪個正常服役的看他們被抓會心疼的？ 護航的八成自己也逃兵，怕自己被上銬吧！ 要新增最可惡第三：陳柏霖 用高血壓逃兵，對外說氣喘']"
13,34,13_壞事一等一_壞事做不得_揪出一大串逃兵藝人_翻譯,"['壞事一等一', '壞事做不得', '揪出一大串逃兵藝人', '翻譯', '再重新努力就好', '好噁心', '還是可以喜歡吧', '噁心', '做錯事受到懲罰', '王大陸']","['壞事做不得（王大陸），壞事一等一，揪出一大串逃兵藝人', '壞事做不得（王大陸），壞事一等一，揪出一大串逃兵藝人', '壞事做不得（王大陸），壞事一等一，揪出一大串逃兵藝人']"
14,32,14_明道超帥_你愛的坤達就是共犯結構一員_支持關起來_要有關才有用,"['明道超帥', '你愛的坤達就是共犯結構一員', '支持關起來', '要有關才有用', '不就正在抓', '那就要看槍在誰手上了', '萊爾有種去抓周杰倫啊', '連修杰楷都閃兵哦', '護航男的應該都是草吧', '功德無量']","['不就正在抓，你愛的坤達就是共犯結構一員！', '不就正在抓，你愛的坤達就是共犯結構一員！', '不就正在抓，你愛的坤達就是共犯結構一員！']"
15,30,15_都跟你說了自首_不要再聽你的藉口_之前沒關係_你自己不喜歡管好你自己就好,"['都跟你說了自首', '不要再聽你的藉口', '之前沒關係', '你自己不喜歡管好你自己就好', '你不就急著要社會大眾安靜嗎', '反倒是你', '若接下來還喜歡你就是瞎了', '總要有人先起個頭啊', '管別人要不要喜歡', '一直努力抓']","['都跟你說了自首！ 不要再聽你的藉口！', '都跟你說了自首！ 不要再聽你的藉口！', '都跟你說了自首！ 不要再聽你的藉口！']"
16,34,16_笑死_超好笑_2事件_56不能亡,"['笑死', '超好笑', '2事件', '56不能亡', '以為被閃兵集團騙360萬', '沒me', '被你說得像拉珠串子一樣', '自己報警以後把一串肉粽牽出來', '好孩子', '但還是想嗆一下閃兵仔']","['56還真清白，沒me 2事件，還乖乖當兵，好孩子。', '56還真清白，沒me 2事件，還乖乖當兵，好孩子。', '56還真清白，沒me 2事件，還乖乖當兵，好孩子。']"
17,29,17_15萬_拔出蘿蔔帶出泥_整個連環案外案其實都是王大陸自己耍笨_本頻道就已經全面追蹤過王大陸尋奇,"['15萬', '拔出蘿蔔帶出泥', '整個連環案外案其實都是王大陸自己耍笨', '本頻道就已經全面追蹤過王大陸尋奇', '在今年三月份王大陸爆出閃兵案的時候', '但是王大陸閃兵卻要360萬呢', '因為這個案子一開始就是王大陸自己去報案的', '江山萬里心', '王大陸真的很神奇', '因為風雨千年路']","['為什麼別人閃兵只要10-15萬，但是王大陸閃兵卻要360萬呢？因為風雨千年路，江山萬里心，歡迎收看大陸尋奇，王大陸真的很神奇。 在今年三月份王大陸爆出閃兵案的時候，本頻道就已經全面追蹤過王大陸尋奇，整個連環案外案其實都是王大陸自己耍笨，拔出蘿蔔帶出泥，因為這個案子一開始就是王大陸自己去報案的。', '為什麼別人閃兵只要10-15萬，但是王大陸閃兵卻要360萬呢？因為風雨千年路，江山萬里心，歡迎收看大陸尋奇，王大陸真的很神奇。 在今年三月份王大陸爆出閃兵案的時候，本頻道就已經全面追蹤過王大陸尋奇，整個連環案外案其實都是王大陸自己耍笨，拔出蘿蔔帶出泥，因為這個案子一開始就是王大陸自己去報案的。', '為什麼別人閃兵只要10-15萬，但是王大陸閃兵卻要360萬呢？因為風雨千年路，江山萬里心，歡迎收看大陸尋奇，王大陸真的很神奇。 在今年三月份王大陸爆出閃兵案的時候，本頻道就已經全面追蹤過王大陸尋奇，整個連環案外案其實都是王大陸自己耍笨，拔出蘿蔔帶出泥，因為這個案子一開始就是王大陸自己去報案的。']"
18,33,18_他以為自己還在拍偶像劇嗎_好歹也該裝做有在懺悔的樣子吧_竟然還能笑著講說釋然_陳柏霖最扯吧,"['他以為自己還在拍偶像劇嗎', '好歹也該裝做有在懺悔的樣子吧', '竟然還能笑著講說釋然', '陳柏霖最扯吧', '我是不懂陳柏霖怎麼還能嘻皮笑臉出來講話', '滿滿的大平台', '想再看他假笑裝帥瀟灑哥', '可以再訪問一下陳柏霖嗎', '是因為他是藝人', '沒有']","['陳柏霖最扯吧！竟然還能笑著講說釋然，他以為自己還在拍偶像劇嗎？', '陳柏霖最扯吧！竟然還能笑著講說釋然，他以為自己還在拍偶像劇嗎？', '陳柏霖最扯吧！竟然還能笑著講說釋然，他以為自己還在拍偶像劇嗎？']"
19,25,19_陳柏霖算不算是一種殺價boy_一個團湊不出一張退伍令_他沒事_阿弟被驗退這樣不算閃兵吧,"['陳柏霖算不算是一種殺價boy', '一個團湊不出一張退伍令', '他沒事', '阿弟被驗退這樣不算閃兵吧', '不然長得醜的是要加重其刑嗎', '14', '976', '55', '閃兵案我最難過的就是坤達', '那我還不投爆']","['我對大仁哥陳柏霖也很失望！以後要改劇：我可能不會當兵🥲🥲 我更擔心的是，海鯤號這大弊案跟遙遙無期海測，完全被掩蓋😱🥲', '閃兵案我最難過的就是坤達 因為當年我可是energy派的（？ 本命就是阿弟跟坤達 木曜這個系列節目是我經常推薦學生去看的 雖然是節目 但還是提到許多我們上課沒時間講的內容 閃兵案已經不是第一波發動 但不知道為什麼 這波發動大家突然接受度又變高了？ 我承認性侵犯、詐欺犯一樣可惡 那逃兵不是也一樣犯法嗎？ 看到有粉絲用坤達的顏值、人品來護航 希望大家善良一點，我覺得蠻難過的 顏值、人民在法律上都不能作為減刑事由 不然長得醜的是要加重其刑嗎？ 還有自首跟投案是不一樣的 已知被告、犯罪事實，這個叫做投案 必須要是偵查機關完全都不知道被告、犯罪事實為何 這時候你跑出來說，我承認，這樣才有適用自首的可能 —— 換個角度想 坤達應該比較知道偵查庭複訊要怎麼進行 可惜這次你要坐底下被告席 新北檢的電腦螢幕不同步 書記官打字不會同時顯示在螢幕上 所以筆錄做完看仔細以後再簽名 確認問題是不是都有記載到 唉，好難過🥺  1 / 3 976 99 14 55 熱門 查看動態', '閃兵案我最難過的就是坤達 因為當年我可是energy派的（？ 本命就是阿弟跟坤達 木曜這個系列節目是我經常推薦學生去看的 雖然是節目 但還是提到許多我們上課沒時間講的內容 閃兵案已經不是第一波發動 但不知道為什麼 這波發動大家突然接受度又變高了？ 我承認性侵犯、詐欺犯一樣可惡 那逃兵不是也一樣犯法嗎？ 看到有粉絲用坤達的顏值、人品來護航 希望大家善良一點，我覺得蠻難過的 顏值、人民在法律上都不能作為減刑事由 不然長得醜的是要加重其刑嗎？ 還有自首跟投案是不一樣的 已知被告、犯罪事實，這個叫做投案 必須要是偵查機關完全都不知道被告、犯罪事實為何 這時候你跑出來說，我承認，這樣才有適用自首的可能 —— 換個角度想 坤達應該比較知道偵查庭複訊要怎麼進行 可惜這次你要坐底下被告席 新北檢的電腦螢幕不同步 書記官打字不會同時顯示在螢幕上 所以筆錄做完看仔細以後再簽名 確認問題是不是都有記載到 唉，好難過🥺  1 / 3 976 99 14 55 熱門 查看動態']"
20,25,20_都是自己的責任_作者_他們就是錯了_一切交給命運吧,"['都是自己的責任', '作者', '他們就是錯了', '一切交給命運吧', '但或許不知道何時穿幫的壓力也壓在他們心頭太久了', '但是你要為了偶像泯滅自己的道德底線', '但願是真的知道錯了', '一切虛幻的不可思議', '個人因達哥二十幾年來的正面形象', '全都在自己']","['· 作者 你是一個理性的粉絲，當年的確是做了錯事，見到這麼多人被揭發，或許真的也跨不出承認的那一步，害怕好不容易重組的未來就此打散，至少在被揭發的時候馬上承認，可能他們沒有主動的勇氣，但或許不知道何時穿幫的壓力也壓在他們心頭太久了，好好面對並承擔錯誤，一切交給命運吧，每個人都要為自己的錯誤選擇付出代價', '· 作者 你是一個理性的粉絲，當年的確是做了錯事，見到這麼多人被揭發，或許真的也跨不出承認的那一步，害怕好不容易重組的未來就此打散，至少在被揭發的時候馬上承認，可能他們沒有主動的勇氣，但或許不知道何時穿幫的壓力也壓在他們心頭太久了，好好面對並承擔錯誤，一切交給命運吧，每個人都要為自己的錯誤選擇付出代價', '· 作者 你是一個理性的粉絲，當年的確是做了錯事，見到這麼多人被揭發，或許真的也跨不出承認的那一步，害怕好不容易重組的未來就此打散，至少在被揭發的時候馬上承認，可能他們沒有主動的勇氣，但或許不知道何時穿幫的壓力也壓在他們心頭太久了，好好面對並承擔錯誤，一切交給命運吧，每個人都要為自己的錯誤選擇付出代價']"
21,26,21_假扮高血壓_setn_修杰楷認了_快訊,"['假扮高血壓', 'setn', '修杰楷認了', '快訊', '偽造高血壓證明', '花了10萬讓', '陳柏霖坦承閃兵', '15', '閃兵集團', '拼免役']","['快訊／修杰楷認了！花 15 萬元「假扮高血壓」拼免役\u3000體檢僅獲替代役資格 花費 15 萬元「假扮高血壓」，試圖辦理免役，不過經體檢後僅獲得替代役資格，原本仍想繼續拼免役，但最終妥協遂入伍服替代役。 形象全毀了 🙃  1 / 2 1.7 萬 494 273 4,637 熱門 查看動態', '快訊／修杰楷認了！花 15 萬元「假扮高血壓」拼免役\u3000體檢僅獲替代役資格 花費 15 萬元「假扮高血壓」，試圖辦理免役，不過經體檢後僅獲得替代役資格，原本仍想繼續拼免役，但最終妥協遂入伍服替代役。 形象全毀了 🙃  1 / 2 1.7 萬 494 273 4,637 熱門 查看動態', '快訊／修杰楷認了！花 15 萬元「假扮高血壓」拼免役\u3000體檢僅獲替代役資格 花費 15 萬元「假扮高血壓」，試圖辦理免役，不過經體檢後僅獲得替代役資格，原本仍想繼續拼免役，但最終妥協遂入伍服替代役。 形象全毀了 🙃  1 / 2 1.7 萬 494 273 4,637 熱門 查看動態']"
22,22,22_王大陸可以成為閃兵集團的隊長欸_王大陸一網打盡演藝圈_畢竟是個大盤子_王大陸等於36個陳柏霖,"['王大陸可以成為閃兵集團的隊長欸', '王大陸一網打盡演藝圈', '畢竟是個大盤子', '王大陸等於36個陳柏霖', '被抓到這些男星看到王大陸一定想', '王大陸對社會最大貢獻', '拉出這一整串', '王大陸今次做得不錯', '王大陸感覺是那種出去玩', '連根拔']","['王大陸可以成為閃兵集團的隊長欸 畢竟是個大盤子', '王大陸可以成為閃兵集團的隊長欸 畢竟是個大盤子', '王大陸可以成為閃兵集團的隊長欸 畢竟是個大盤子']"
23,22,23_其實早800年前就可以主動站出來面對_偏偏要等到被抓才要承認_感謝檢警讓他面對年少荒誕_就是想賭看看會不會沒那麼衰被抓到啦,"['其實早800年前就可以主動站出來面對', '偏偏要等到被抓才要承認', '感謝檢警讓他面對年少荒誕', '就是想賭看看會不會沒那麼衰被抓到啦', '所以齁那個說', '很多事都是听经纪公司的', '我觉得当时他们都很年轻', '他不承認刑責更高', '五月政府就告知了也不回應', '五月給過你們機會了']","['五月給過你們機會了，主動自首 （我會買單，代表還有救跟承擔錯誤） 這三個我都不買單硬是拖到派出檢警拘提 （就是是僥倖心態，反正一天沒找上門我就繼續裝死躲過司法審判，這人品就是不ok) 尤其是修，身體健康沒問題拖到33歲還死不當，賈已經二胎了喔，後面改替代役還用第三胎的名義提早退役 身體沒問題拖到33歲還死不服兵役 我不相信太太不知道 孩子照護問題不用討論 蓄意犯法自已不檢討，現在居然「檢討執法者」 逃就算了，你還不安份，還營造好爸爸人設 拿代言賺錢 （你知法犯法敢靠孩子來賺錢，你良心在哪裡） 連檢察官都出動了，代表證據已經足夠了 才演變拘提的場面 結果一堆在護航加油犯罪者 大仁哥講的冠冕堂皇 表情還帶幾分得意好像他承認了 他就像個英雄一樣 追星歸追星，我在怎麼喜歡也不會盲從力挺 犯法就是犯法 拜託，他不承認刑責更高 清醒一點 他們是「被動自首」，為了就是減輕刑責', '可能家父在金門服役快3年 這期間兩岸依然在交火 同梯的有不少被隔壁的水鬼處理掉 他也在站哨時都遇到幾次水鬼 沒被幹掉而已 他自己都說 金門三年還有辦法回來真的是撿回一條命 真的冒著生命危險在保護國人 他當時也沒結婚 但他的思想我覺得沒錯呀 如果「前線的他」都「守不住」「金門」 後方的台灣同胞該怎麼辦 兄長本來就都有在參加三鐵體能算很好了 他也覺得吃不消 海軍2年，他幾乎都是在軍艦上訓練 模擬作戰 訓練不是最難熬的，前面半年適應不了暈船的問題，每天暈到吐在體能體不適的情況下還是得訓練呀，三餐下水叫家常便飯 期間也遇過不少隔壁的軍艦船隻繞台進入我國海域，每次遇到就都要備勤隨時準備作戰 他確實也感受到什麼叫作武力威脅國家的壓迫感 身邊的男性友人（外科主治醫師居多） 他們當兵還會卡到選科別職缺升遷的問題 都是乖乖去當兵 真的要逃 （我想他們應該是最有資源可以偽造逃役的人吧） 都是義務役 每個當兵都唉唉叫 再問他們一次可以選你還要當嗎？ 清一色都說還是要當 心裡素質跟抗壓性責任感完全不一樣 只是年限有點長倒是真的 相比之下 他們也不平衡呀，誰的誰間不是時間', '可能家父在金門服役快3年 這期間兩岸依然在交火 同梯的有不少被隔壁的水鬼處理掉 他也在站哨時都遇到幾次水鬼 沒被幹掉而已 他自己都說 金門三年還有辦法回來真的是撿回一條命 真的冒著生命危險在保護國人 他當時也沒結婚 但他的思想我覺得沒錯呀 如果「前線的他」都「守不住」「金門」 後方的台灣同胞該怎麼辦 兄長本來就都有在參加三鐵體能算很好了 他也覺得吃不消 海軍2年，他幾乎都是在軍艦上訓練 模擬作戰 訓練不是最難熬的，前面半年適應不了暈船的問題，每天暈到吐在體能體不適的情況下還是得訓練呀，三餐下水叫家常便飯 期間也遇過不少隔壁的軍艦船隻繞台進入我國海域，每次遇到就都要備勤隨時準備作戰 他確實也感受到什麼叫作武力威脅國家的壓迫感 身邊的男性友人（外科主治醫師居多） 他們當兵還會卡到選科別職缺升遷的問題 都是乖乖去當兵 真的要逃 （我想他們應該是最有資源可以偽造逃役的人吧） 都是義務役 每個當兵都唉唉叫 再問他們一次可以選你還要當嗎？ 清一色都說還是要當 心裡素質跟抗壓性責任感完全不一樣 只是年限有點長倒是真的 相比之下 他們也不平衡呀，誰的誰間不是時間']"
24,24,24_可能講出牽線人會性命不保_才沒人敢講_我猜測_又想著可能不會被發現的,"['可能講出牽線人會性命不保', '才沒人敢講', '我猜測', '又想著可能不會被發現的', '合情合理', '可估計是也怕輿論撻伐', '可能有僥倖的心理', '哪裡怕的那一團', '不怕神一樣的對手', '於是就這樣繼續僥倖心態']","['我猜測：可能講出牽線人會性命不保，才沒人敢講', '我猜測：可能講出牽線人會性命不保，才沒人敢講', '我猜測：可能講出牽線人會性命不保，才沒人敢講']"
25,21,25_作者_沒想到零負評也中箭了_坤達消息更新_不覺得自己閃兵還沒免役是冤大頭,"['作者', '沒想到零負評也中箭了', '坤達消息更新', '不覺得自己閃兵還沒免役是冤大頭', '也不會替他們洗地', '不是支持那個團', '50', '他們很早就收到了', '也清楚逃兵的事情已經被知道', '只是置之不理']","['· 作者 這是事實，他們很早就收到了，也清楚逃兵的事情已經被知道，只是置之不理，像坤達說的，在和公司商量對策，還沒討論好就被扣押了，這也是我最不能接受的事，相信音樂很早就知道，「還在商量對策」，我不知道應該用什麼措辭表達我的失望', '· 作者 這是事實，他們很早就收到了，也清楚逃兵的事情已經被知道，只是置之不理，像坤達說的，在和公司商量對策，還沒討論好就被扣押了，這也是我最不能接受的事，相信音樂很早就知道，「還在商量對策」，我不知道應該用什麼措辭表達我的失望', '· 作者 這是事實，他們很早就收到了，也清楚逃兵的事情已經被知道，只是置之不理，像坤達說的，在和公司商量對策，還沒討論好就被扣押了，這也是我最不能接受的事，相信音樂很早就知道，「還在商量對策」，我不知道應該用什麼措辭表達我的失望']"
26,23,26_真是帥氣_又想起鄭元暢當初在海巡署_我願意_應該是你說的這樣沒錯,"['真是帥氣', '又想起鄭元暢當初在海巡署', '我願意', '應該是你說的這樣沒錯', '加我一票', '不錯', '這波的形象都不錯', '提油救火', '說的太好了', '說的好']","['又想起鄭元暢當初在海巡署 真是帥氣😍', '又想起鄭元暢當初在海巡署 真是帥氣😍', '又想起鄭元暢當初在海巡署 真是帥氣😍']"
27,22,27_他們早就知道了_還裝s在演_沒錯_我想看到這些人先說,"['他們早就知道了', '還裝s在演', '沒錯', '我想看到這些人先說', '是的', '場面話而已', '當然', '喔喔原來如此', '不知道在裝什麼', '到底為什麼']","['沒錯，他們早就知道了！ 還裝S在演', '沒錯，他們早就知道了！ 還裝S在演', '沒錯，他們早就知道了！ 還裝S在演']"
28,20,28_他一個人包他們全部還有剩欸_搞得我都不知道國中王是好人還是壞人了_二代啊他又沒差_他如果去驗智商應該不用當兵,"['他一個人包他們全部還有剩欸', '搞得我都不知道國中王是好人還是壞人了', '二代啊他又沒差', '他如果去驗智商應該不用當兵', '他明明可以靠智商驗退', '也夠很多人的開銷了', '他真的太謎了', '但沒給腦', '何必花錢', '偏偏要花錢']","['他一個人包他們全部還有剩欸。', '他一個人包他們全部還有剩欸。', '搞得我都不知道國中王是好人還是壞人了']"
29,16,29_好像要謝謝王大陸的智商了_感謝大陸_感謝王大陸_一牽後面一堆閃兵藝人,"['好像要謝謝王大陸的智商了', '感謝大陸', '感謝王大陸', '一牽後面一堆閃兵藝人', '謝謝你', '得獎直接樹大招風', '大家直接知道那個那種金鐘是閃兵的', '哈哈哈', '', '']","['好像要謝謝王大陸的智商了', '好像要謝謝王大陸的智商了', '好像要謝謝王大陸的智商了']"
30,16,30_452_261_222_110,"['452', '261', '222', '110', '476', '158', '342', '114', '', '']","['222', '452', '261']"
31,16,31_我覺得_不看一下嗎_為什麼只抓藝人_高官跟高官的兒子很多也逃欸,"['我覺得', '不看一下嗎', '為什麼只抓藝人', '高官跟高官的兒子很多也逃欸', 'ok', '希望努力抓', '千萬別查到背後是哪位政商勢力把持後又安靜了', '最近民進黨又有什麼大事要掩蓋的嗎', '這些人都閃兵那麼久了現在才想到要抓', '我想很多高官的小孩應該也有閃兵的吧']","['我覺得 為什麼只抓藝人 高官跟高官的兒子很多也逃欸 不看一下嗎', '我覺得 為什麼只抓藝人 高官跟高官的兒子很多也逃欸 不看一下嗎', '我覺得 為什麼只抓藝人 高官跟高官的兒子很多也逃欸 不看一下嗎']"
32,16,32_合情合理但沒說不合法_好像是直接禁止入境_但沒必要_你最好別被抓到啦,"['合情合理但沒說不合法', '好像是直接禁止入境', '但沒必要', '你最好別被抓到啦', '不違法', '不是不敢', '拒吃了吧', '還有人訪問時說合情合理', '黨證無敵', '而且那不叫錯誤申請']","['不是不敢，好像是直接禁止入境', '不違法 但沒必要', '還有人訪問時說合情合理🤣🤣🤣拒吃了吧']"
33,16,33_因為他們真的很難讓人尊敬_大家漸漸不追華國演藝圈藝人是有原因的_連抓都不敢抓_這個故事告訴大家,"['因為他們真的很難讓人尊敬', '大家漸漸不追華國演藝圈藝人是有原因的', '連抓都不敢抓', '這個故事告訴大家', '芬蘭代表那一位閃尿', '都沒有一項值得讓人尊敬的', '真的看不懂', '現在當了芬蘭代表', '所以大家才改追韓星', '因焦慮症而免當兵']","['那個因為身心障礙不用當兵的，現在當了芬蘭代表，這個故事告訴大家～閃兵的理由要找對，再辨一張黨證，前途無量。', '那個因為身心障礙不用當兵的，現在當了芬蘭代表，這個故事告訴大家～閃兵的理由要找對，再辨一張黨證，前途無量。', '那個因為身心障礙不用當兵的，現在當了芬蘭代表，這個故事告訴大家～閃兵的理由要找對，再辨一張黨證，前途無量。']"
34,17,34_謝謝檢警讓我面對年少時候做出很取巧_浪漫個鬼_不愧是和勝利在夜店玩在一起的男人_有人說這句話很浪漫,"['謝謝檢警讓我面對年少時候做出很取巧', '浪漫個鬼', '不愧是和勝利在夜店玩在一起的男人', '有人說這句話很浪漫', '昨天陳柏霖交保出來的時候說', '荒謬的選擇', '閃兵被抓還能嘻嘻哈哈不當一回事', '陳柏霖是勝利的朋友', 'applepiehouse', '22']","['· 作者 陳柏霖是勝利的朋友 \U0001fae9 applepiehouse 2025-10-22 昨天陳柏霖交保出來的時候說：「謝謝檢警讓我面對年少時候做出很取巧、荒謬的選擇。」 有人說這句話很浪漫（蛤？） 浪漫個鬼？閃兵被抓還能嘻嘻哈哈不當一回事，不愧是和勝利在夜店玩在一起的男人。  1 /', '· 作者 陳柏霖是勝利的朋友 \U0001fae9 applepiehouse 2025-10-22 昨天陳柏霖交保出來的時候說：「謝謝檢警讓我面對年少時候做出很取巧、荒謬的選擇。」 有人說這句話很浪漫（蛤？） 浪漫個鬼？閃兵被抓還能嘻嘻哈哈不當一回事，不愧是和勝利在夜店玩在一起的男人。  1 /', '· 作者 陳柏霖是勝利的朋友 \U0001fae9 applepiehouse 2025-10-22 昨天陳柏霖交保出來的時候說：「謝謝檢警讓我面對年少時候做出很取巧、荒謬的選擇。」 有人說這句話很浪漫（蛤？） 浪漫個鬼？閃兵被抓還能嘻嘻哈哈不當一回事，不愧是和勝利在夜店玩在一起的男人。  1 /']"
35,16,35_邏輯清晰的粉_不許你說自己腦殘_我也是跟你一樣_理性,"['邏輯清晰的粉', '不許你說自己腦殘', '我也是跟你一樣', '理性', '肯老實認錯', '觀感還不會這麼差', '理性是你自己說的', '直覺就是覺得沒好感怪怪的', '結果不得不說直覺很準', '紙包不住火']","['邏輯清晰的粉 不許你說自己腦殘～', '紙包不住火，如果他們之前就自首，肯老實認錯，觀感還不會這麼差⋯⋯', '紙包不住火，如果他們之前就自首，肯老實認錯，觀感還不會這麼差⋯⋯']"
